{
  "products": [
    {"id":1,"title":"Hijab Motif Oval - Navy","price":129000,"image":"images/product1.jpg"},
    {"id":2,"title":"Gamis Lucu Kekinian - Pink","price":199000,"image":"images/product2.jpg"},
    {"id":3,"title":"Hijab Syar'i Premium - Soft Blue","price":149000,"image":"images/product3.jpg"},
    {"id":4,"title":"Gamis Casual - Grey Floral","price":179000,"image":"images/product4.jpg"},
    {"id":5,"title":"Set Hijab + Inner - Comfy","price":219000,"image":"images/product5.jpg"}
  ]
}
